ID,Name,Type,URL,DateAdded
37,新建标签页,url,edge://newtab/,2022-04-08T13:09:37.352269+08:00
35,"NeverLose.cc - Marketplace - Script ""Clantag changer ( animations, sync )""",url,https://en.neverlose.cc/market/item?id=d24E4o,2022-02-10T14:36:34.069013+08:00
31,NeverLose.cc - Marketplace,url,https://en.neverlose.cc/market/,2021-11-30T13:06:31.408998+08:00
30,频道内容 - YouTube 工作室,url,https://studio.youtube.com/channel/UCngzjjwmsKH-nSBsEUVTqvg/videos/upload?d=ud&filter=%5B%5D&sort=%7B%22columnType%22%3A%22date%22%2C%22sortOrder%22%3A%22DESCENDING%22%7D,2021-11-11T23:40:48.351839+08:00
29,Porn Live - Free Live Porn and Live Porn Cams - Free Porn Chat and Webcam Porn Videos - Live Sex Web Cam Video Chat,url,https://www.pornlive.com/?AFNO=1-100&=,2021-11-10T05:46:28.057857+08:00
28,Search results / GameSense,url,https://gamesense.pub/forums/search.php?search_id=72646955,2021-11-03T08:27:16.110446+08:00
27,"NeverLose.cc - Marketplace - Script ""Omega.lua""",url,https://neverlose.cc/market/item?id=zMlBbp,2021-10-08T10:54:51.029668+08:00
26,NeverLose.cc - Marketplace,url,https://neverlose.cc/market/#,2021-09-27T22:19:33.664777+08:00
25,NeverLose.cc - Marketplace,url,https://neverlose.cc/market/?page=0&search=&sort=0&type=1&filter=0,2021-09-27T22:14:44.724921+08:00
24,NeverLose.cc - Marketplace,url,https://neverlose.cc/market/,2021-09-27T22:13:13.873011+08:00
23,个人 / 个人资料 / 游戏感知,url,https://gamesense.pub/forums/profile.php?section=personal&id=11955,2021-09-25T11:53:27.891439+08:00
22,Lua workshop / GameSense,url,https://gamesense.pub/forums/viewforum.php?id=11,2021-06-21T04:51:23.885554+08:00
21,Wsh,url,https://discord.com/channels/@me/855049341899112449,2021-06-20T02:09:32.420211+08:00
20,hwid-2fa-priority,url,https://discord.com/channels/715880858955022346/807213869486964748,2021-06-17T05:01:49.309105+08:00
19,Login / GameSense,url,https://gamesense.pub/forums/login.php,2021-06-10T17:27:13.021562+08:00
18,NeverLose.cc - Marketplace - History,url,https://neverlose.cc/market/history,2021-05-29T03:29:22.466223+08:00
32,其他收藏夹,folder,,2021-05-29T03:26:13.652115+08:00
33,移动收藏夹,folder,,2021-05-29T03:26:13.652115+08:00
1,收藏夹栏,folder,,2021-05-29T03:26:13.652113+08:00
2,京东双11红包,url,http://hao.irsoso.com/j11,1652-10-28T15:06:40.597062+08:00
3,双11超级红包,url,http://hao.irsoso.com/d11,1652-10-26T15:14:30.877479+08:00
4,hao123,url,http://hao.irsoso.com/bd,1652-09-23T16:31:58.279761+08:00
5,百度一下,url,http://1.d.bd.dsztfso.cn/,1652-08-12T03:40:47.472944+08:00
6,爱淘宝,url,http://dgpage.dsztfso.cn/tbo/,1652-08-12T03:40:47.472944+08:00
7,京东商城,url,http://dgpage.dsztfso.cn/jdo,1652-08-12T03:40:47.472944+08:00
8,飞猪旅游,url,http://yzf.lizhi798.com/fg,1652-08-12T03:40:47.472944+08:00
9,游戏中心,url,http://yzf2.lizhi798.com/yxzx,1652-08-12T03:40:47.472944+08:00
10,京东超市,url,http://dgpage.dsztfso.cn/jdo,1652-08-09T17:05:48.953265+08:00
11,2345导航,url,http://hao.irsoso.com/dh,1652-08-09T17:05:48.953265+08:00
12,热门游戏,url,http://hao.irsoso.com/gm,1652-08-09T17:05:48.953265+08:00
13,天猫超市,url,http://dgpage.dsztfso.cn/tmo/,1652-08-09T17:05:48.953265+08:00
14,天猫国际,url,http://hao.irsoso.com/it,1652-08-09T17:05:48.952268+08:00
15,进口美妆,url,http://hao.irsoso.com/mz,1652-08-09T17:05:48.952268+08:00
16,家电钜惠,url,http://hao.irsoso.com/jq,1652-08-09T17:05:48.952268+08:00
17,唯品会,url,http://hao.irsoso.com/vp,1652-08-09T17:05:48.952268+08:00
