TargetPath,Url,TotalBytes,StartTime,EndTime,MimeType
F:\StreamingTool-2.7.3-x86.exe,https://www.douyin.com/falcon/webcast_openpc/pages/streamingtool_download/index.html,257733008,2022-04-16T04:06:12.708996+08:00,2022-04-16T04:06:27.333185+08:00,application/x-msdos-program
F:\StreamingTool-2.6.1-x86.exe,https://www.douyin.com/falcon/webcast_openpc/pages/streamingtool_download/index.html,254718312,2022-03-30T05:11:15.17372+08:00,2022-03-30T05:11:28.956281+08:00,application/x-msdos-program
F:\ludashisetup2020.exe,https://cdn-file-ssl-pc.ludashi.com/pc/appstore/ludashi/ludashisetup2020.exe?_ver=2022022622,155447864,2022-02-26T14:30:36.697537+08:00,2022-02-26T14:31:57.109406+08:00,application/octet-stream
F:\MCLauncher_publish_1.8.0.35383.exe,https://mc.163.com/,123316280,2022-05-04T09:02:59.939271+08:00,2022-05-04T09:03:11.992024+08:00,application/x-msdos-program
F:\DiscordSetup.exe,https://discord.com/,82992808,2022-04-16T03:58:52.305066+08:00,2022-04-16T03:58:58.744193+08:00,application/x-msdownload
F:\轻语4-24版本.zip,http://qingyul.uupan.net/,19010329,2022-04-26T19:44:42.491378+08:00,2022-04-26T19:44:47.315753+08:00,application/download
F:\轻语4-24版本.zip,http://qingyul.uupan.net/,19010329,2022-04-26T19:44:21.378661+08:00,1601-01-01T00:00:00+08:00,application/download
F:\饥饿恐惧4.1mp.zip,https://developer.lanzoug.com/file/?BWMCPAk4VWQCC1RsBjMAbAE+UGhU4lD3VfdVulKrAL4H4QHXCscBswjdU6JXN1B/UjkOZlF+BytXKlc4V3tUcwVjAjwJOFVkAgtUawY2ADwBbVBiVDlQalVhVWFSPQA2ByEBMAokAWgIb1M0VzVQZ1I5DjhRNgcxV3ZXIVd7VGgFNwJlCWZVMwJ7VDIGZgAuAWpQZFQkUDNVYFU2UjwAYwcyAWIKNgFsCDtTMFdmUGZSMQ5vUWgHM1dkV2RXblRmBWMCbQlkVTkCZFQ1BjAAOAE9UGNUOFB8VShVOlJ+ACcHcgElCjIBJwg3U2FXPlBpUjgOMlE7BzJXYFd3V39UPAVoAjAJMlU8AmVUNAZmADgBbFBsVD1QZVViVWJSIAAvByEBMAo7ASIIY1M0VzVQZVIxDjxRNwc2V2JXZlc9VHMFcAIlCSNVPAJlVDQGZgA4AW1QYlQ9UGRVZVVjUigAdAduASYKagFkCGlTNFctUGVSOg4lUTwHMFdlV39XOlRsBTU=,11661384,2022-04-12T20:35:03.052636+08:00,2022-04-12T20:35:04.056884+08:00,application/octet-stream
F:\8T0A7aWmO54c.exe,https://gamesense.pub/forums/profile.php?section=premium&id=6183,7838720,2022-02-26T14:22:55.974736+08:00,2022-02-26T14:23:05.212927+08:00,application/x-dosexec
F:\VKJlF9kMyRcB.exe,https://gamesense.pub/forums/profile.php?section=premium&id=6183,7838720,2022-02-26T14:24:19.30383+08:00,2022-02-26T14:24:31.405413+08:00,application/x-dosexec
F:\c6UyLANVQK3J.exe,https://gamesense.pub/forums/profile.php?section=premium&id=13264,7776768,2022-03-11T16:37:00.936624+08:00,2022-03-11T16:37:07.657246+08:00,application/x-dosexec
F:\ibzFGam3ywIn.exe,https://gamesense.pub/forums/profile.php?section=premium&id=13264,7776768,2022-03-11T16:31:58.033907+08:00,2022-03-11T16:32:06.366595+08:00,application/x-dosexec
F:\HviqOsZXDFGK.exe,https://gamesense.pub/forums/profile.php?section=premium&id=13264,7776768,2022-03-11T16:54:32.820168+08:00,1601-01-01T00:00:00+08:00,application/x-dosexec
F:\54Tt7nm0C9KH.exe,https://gamesense.pub/forums/profile.php?section=premium&id=13264,7776768,2022-03-11T17:04:47.804775+08:00,2022-03-11T17:04:54.051735+08:00,application/x-dosexec
F:\njF0q7ydGKPD.exe,https://gamesense.pub/forums/profile.php?section=premium&id=13264,7776768,2022-03-11T16:30:09.006254+08:00,2022-03-11T16:30:16.290029+08:00,application/x-dosexec
F:\M0OQiyIUV39F.exe,https://gamesense.pub/forums/profile.php?section=premium&id=13264,7776768,2022-03-17T11:55:11.150545+08:00,2022-03-17T11:55:19.723726+08:00,application/x-dosexec
F:\ALcZ8EHKvgSm.exe,https://gamesense.pub/forums/profile.php?section=premium&id=13264,7776768,2022-03-18T01:31:56.710079+08:00,2022-03-18T01:32:04.277185+08:00,application/x-dosexec
F:\48wZrfbPkp36.exe,https://gamesense.pub/forums/profile.php?section=premium&id=13264,7776768,2022-03-11T16:28:46.977745+08:00,2022-03-11T16:28:57.605267+08:00,application/x-dosexec
F:\sOzkBtQJb5cS.exe,https://gamesense.pub/forums/profile.php?section=premium&id=13264,7776768,2022-03-11T16:08:31.698538+08:00,2022-03-11T16:14:08.595756+08:00,application/x-dosexec
F:\BljJifW8xa0U.exe,https://gamesense.pub/forums/profile.php?section=premium&id=13264,7776768,2022-03-27T12:28:48.699013+08:00,1601-01-01T00:00:00+08:00,application/x-dosexec
F:\Gk5whd6KtWlR.exe,https://gamesense.pub/forums/profile.php?section=premium&id=13264,7776768,2022-03-11T16:06:26.617075+08:00,1601-01-01T00:00:00+08:00,application/x-dosexec
F:\bt4M6W1yD7pr.exe,https://gamesense.pub/forums/profile.php?section=premium&id=13264,7776768,2022-03-29T11:24:04.433817+08:00,2022-03-29T11:24:40.862369+08:00,application/x-dosexec
F:\hYSd9By2DkpU.exe,https://gamesense.pub/forums/profile.php?section=premium&id=13264,7776768,2022-03-27T12:27:58.471932+08:00,1601-01-01T00:00:00+08:00,application/x-dosexec
F:\解机器码详细教程.zip,http://xiazaime.cccpan.com/,7180055,2022-04-12T20:37:44.797408+08:00,2022-04-12T20:37:46.616632+08:00,application/download
F:\so3YMLAccX5q.exe,https://en.neverlose.cc/me,6520320,2022-02-25T10:43:41.40694+08:00,2022-02-25T10:43:51.108691+08:00,application/octet-stream
F:\so3YMLAccX5q.exe,file:///F:/so3YMLAccX5q.exe,6520320,2022-03-07T13:58:39.43827+08:00,2022-03-07T13:58:45.884978+08:00,application/x-msdownload
F:\2CdJiwd3Dxg0.exe,https://en.neverlose.cc/me,6520320,2022-03-09T10:58:35.09063+08:00,2022-03-09T10:59:17.007215+08:00,application/octet-stream
F:\TKC3B44710629H4C4FB91E6154C135F2.rar,http://nshack.net/,6219382,2022-04-26T19:29:50.464495+08:00,2022-04-26T19:31:04.862401+08:00,application/x-rar-compressed
F:\laffsync.lua,https://cdn.discordapp.com/attachments/959666920171384862/963220196842160168/laffsync.lua,434029,2022-04-21T14:07:17.954834+08:00,2022-04-21T14:07:19.406126+08:00,text/plain
F:\Future.lua,http://futurelua.xyz/panel,374362,2022-03-17T05:06:52.65006+08:00,2022-03-17T05:06:53.900797+08:00,application/octet-stream
F:\VisMinDmg.lua,https://gamesense.pub/forums/viewtopic.php?id=16345,6948,2022-04-16T10:18:14.369984+08:00,2022-04-16T10:18:15.336642+08:00,application/octet-stream
F:\order_SY22032423903AE6B.txt,https://www.haoyinglang.cn/index/order/query.html?orderid=SY22032423903AE6B,32,2022-03-24T15:49:12.016821+08:00,2022-03-24T15:49:12.879872+08:00,text/html
F:\order_SY2203290710QD6JC.txt,https://www.haoyinglang.cn/index/order/query.html?orderid=SY2203290710QD6JC,32,2022-03-28T23:40:46.051033+08:00,2022-03-28T23:40:47.081702+08:00,text/html
F:\order_SY2204061310US9SP.txt,https://www.haoyinglang.cn/index/order/query.html?orderid=SY2204061310US9SP,32,2022-04-06T05:37:10.660829+08:00,2022-04-06T05:37:11.883945+08:00,text/html
F:\order_SY2203310730ADFR7.txt,https://www.haoyinglang.cn/index/order/query.html?orderid=SY2203310730ADFR7,32,2022-03-30T23:13:44.689911+08:00,2022-03-30T23:13:45.484022+08:00,text/html
F:\order_SY2203300780CIYWK.txt,https://www.haoyinglang.cn/index/order/query.html?orderid=SY2203300780CIYWK,32,2022-03-29T23:17:03.619346+08:00,2022-03-29T23:17:04.444715+08:00,text/html
